{
  "source": "userInterface",
  "revision": 4,
  "description": null,
  "createdBy": "{}",
  "createdOn": "",
  "modifiedBy": "{}",
  "modifiedOn": "",
  "isDeleted": false,
  "isDisabled": false,
  "variables": {},
  "variableGroups": [],
  "environments": [
    {
      "id": 32,
      "name": "Stage 1",
      "rank": 1,
      "owner": {
        "displayName": "$OwnerDisplayName$",
        "url": "",
        "_links": "{}",
        "id": "$OwnerId$",
        "uniqueName": "$OwnerUniqueName$",
        "imageUrl": "",
        "descriptor": ""
      },
      "variables": {},
      "variableGroups": [],
      "preDeployApprovals": {
        "approvals": [
          {
            "rank": 1,
            "isAutomated": true,
            "isNotificationOn": false,
            "id": 94
          }
        ],
        "approvalOptions": {
          "requiredApproverCount": null,
          "releaseCreatorCanBeApprover": false,
          "autoTriggeredAndPreviousEnvironmentApprovedCanBeSkipped": false,
          "enforceIdentityRevalidation": false,
          "timeoutInMinutes": 0,
          "executionOrder": "beforeGates"
        }
      },
      "deployStep": {
        "id": 95
      },
      "postDeployApprovals": {
        "approvals": [
          {
            "rank": 1,
            "isAutomated": true,
            "isNotificationOn": false,
            "id": 96
          }
        ],
        "approvalOptions": {
          "requiredApproverCount": null,
          "releaseCreatorCanBeApprover": false,
          "autoTriggeredAndPreviousEnvironmentApprovedCanBeSkipped": false,
          "enforceIdentityRevalidation": false,
          "timeoutInMinutes": 0,
          "executionOrder": "afterSuccessfulGates"
        }
      },
      "deployPhases": [
        {
          "deploymentInput": {
            "parallelExecution": {
              "parallelExecutionType": "none"
            },
            "agentSpecification": {
              "identifier": "ubuntu-22.04"
            },
            "skipArtifactsDownload": false,
            "artifactsDownloadInput": {
              "downloadInputs": []
            },
            "queueId": "$Azure Pipelines$",
            "demands": [],
            "enableAccessToken": false,
            "timeoutInMinutes": 0,
            "jobCancelTimeoutInMinutes": 1,
            "condition": "succeeded()",
            "overrideInputs": {}
          },
          "rank": 1,
          "phaseType": "agentBasedDeployment",
          "name": "Agent job",
          "refName": null,
          "workflowTasks": []
        }
      ],
      "environmentOptions": {
        "emailNotificationType": "OnlyOnFailure",
        "emailRecipients": "release.environment.owner;release.creator",
        "skipArtifactsDownload": false,
        "timeoutInMinutes": 0,
        "enableAccessToken": false,
        "publishDeploymentStatus": true,
        "badgeEnabled": false,
        "autoLinkWorkItems": false,
        "pullRequestDeploymentEnabled": false
      },
      "demands": [],
      "conditions": [
        {
          "name": "ReleaseStarted",
          "conditionType": "event",
          "value": "",
          "result": null
        }
      ],
      "executionPolicy": {
        "concurrencyCount": 1,
        "queueDepthCount": 0
      },
      "schedules": [],
      "currentRelease": {
        "id": 0,
        "url": "https://vsrm.dev.azure.com/hci-iap/c4f0a802-fca5-4e76-aa19-3dbd344b0b45/_apis/Release/releases/0",
        "_links": {}
      },
      "retentionPolicy": {
        "daysToKeep": 30,
        "releasesToKeep": 3,
        "retainBuild": true
      },
      "processParameters": {},
      "properties": {
        "BoardsEnvironmentType": {
          "$type": "System.String",
          "$value": "unmapped"
        },
        "LinkBoardsWorkItems": {
          "$type": "System.String",
          "$value": "False"
        }
      },
      "preDeploymentGates": {
        "id": 0,
        "gatesOptions": null,
        "gates": []
      },
      "postDeploymentGates": {
        "id": 0,
        "gatesOptions": null,
        "gates": []
      },
      "environmentTriggers": [],
      "badgeUrl": ""
    }
  ],
  "artifacts": [
    {
      "sourceId": "$ProjectId$:$mobile-app-build-android-huawei-services-id$",
      "type": "Build",
      "alias": "_mobile-app",
      "definitionReference": {
        "artifactSourceDefinitionUrl": "{}",
        "defaultVersionBranch": {
          "id": "",
          "name": ""
        },
        "defaultVersionSpecific": {
          "id": "",
          "name": ""
        },
        "defaultVersionTags": {
          "id": "release; production; android; huawei",
          "name": "release; production; android; huawei"
        },
        "defaultVersionType": {
          "id": "latestWithBuildDefinitionBranchAndTagsType",
          "name": "Latest from the build pipeline default branch with tags"
        },
        "definition": {
          "id": "$mobile-app-build-android-huawei-services-id$",
          "name": "mobile-app-build-android-huawei-services"
        },
        "definitions": {
          "id": "",
          "name": ""
        },
        "IsMultiDefinitionType": {
          "id": "False",
          "name": "False"
        },
        "project": {
          "id": "$ProjectId$",
          "name": "$ProjectName$"
        },
        "repository": {
          "id": "",
          "name": ""
        }
      },
      "isPrimary": true,
      "isRetained": false
    }
  ],
  "triggers": [
    {
      "artifactAlias": "_mobile-app",
      "triggerConditions": [
        {
          "sourceBranch": "",
          "tags": [
            "release",
            "production",
            "huawei",
            "android"
          ],
          "tagFilter": null,
          "useBuildDefinitionBranch": false,
          "createReleaseOnBuildTagging": true
        }
      ],
      "triggerType": "artifactSource"
    }
  ],
  "releaseNameFormat": "Release-$(rev:r)",
  "tags": [],
  "properties": {
    "DefinitionCreationSource": {
      "$type": "System.String",
      "$value": "ReleaseNew"
    },
    "IntegrateBoardsWorkItems": {
      "$type": "System.String",
      "$value": "False"
    },
    "IntegrateJiraWorkItems": {
      "$type": "System.String",
      "$value": "false"
    }
  },
  "id": "",
  "name": "production-huawei-app",
  "path": "\\Distribution",
  "projectReference": null,
  "url": "",
  "_links": "{}"
}