{
  "Extensions": [
    {
      "extensionName": "Timetracker",
      "link": "<a href='https://marketplace.visualstudio.com/items?itemName=7pace.Timetracker' target='_blank'><b>Timetracker</b></a>",
      "publisherId": "7pace",
      "extensionId": "Timetracker",
      "publisherName": "7pace (an Appfire company)",
      "License": "<a href='https://marketplace.visualstudio.com/items?itemName=7pace.Timetracker' target='_blank'>License Terms</a>"
    },
    {
      "extensionName": "Install Flutter SDK",
      "link": "<a href='https://marketplace.visualstudio.com/items?itemName=contrix09.install-flutter-sdk' target='_blank'><b>Install Flutter SDK</b></a>",
      "publisherId": "contrix09",
      "extensionId": "install-flutter-sdk",
      "publisherName": "Cross Solutions",
      "License": "<a href='https://marketplace.visualstudio.com/items?itemName=contrix09.install-flutter-sdk' target='_blank'>License Terms</a>"
    },
    {
      "extensionName": "Azure Container Registry Extensions",
      "link": "<a href='https://marketplace.visualstudio.com/items?itemName=experta.AzureContainerRegistryExtensions' target='_blank'><b>Azure Container Registry Extensions</b></a>",
      "publisherId": "experta",
      "extensionId": "AzureContainerRegistryExtensions",
      "publisherName": "Solutions Experta Inc.",
      "License": "<a href='https://marketplace.visualstudio.com/items?itemName=experta.AzureContainerRegistryExtensions' target='_blank'>License Terms</a>"
    },
    {
      "extensionName": "Flutter Tasks",
      "link": "<a href='https://marketplace.visualstudio.com/items?itemName=Hey24sheep.flutter' target='_blank'><b>Flutter Tasks</b></a>",
      "publisherId": "Hey24sheep",
      "extensionId": "flutter",
      "publisherName": "Hey24sheep",
      "License": "<a href='https://marketplace.visualstudio.com/items?itemName=Hey24sheep.flutter' target='_blank'>License Terms</a>"
    },
    {
      "extensionName": "View Latest Test Result",
      "link": "<a href='https://marketplace.visualstudio.com/items?itemName=keesverhaar.viewlatesttestresult' target='_blank'><b>View Latest Test Result</b></a>",
      "publisherId": "keesverhaar",
      "extensionId": "viewlatesttestresult",
      "publisherName": "Kees Verhaar",
      "License": "<a href='https://marketplace.visualstudio.com/items?itemName=keesverhaar.viewlatesttestresult' target='_blank'>License Terms</a>"
    },
    {
      "extensionName": "Team Calendar",
      "link": "<a href='https://marketplace.visualstudio.com/items?itemName=ms-devlabs.team-calendar' target='_blank'><b>Team Calendar</b></a>",
      "publisherId": "ms-devlabs",
      "extensionId": "team-calendar",
      "publisherName": "Microsoft DevLabs",
      "License": "<a href='https://marketplace.visualstudio.com/items?itemName=ms-devlabs.team-calendar' target='_blank'>License Terms</a>"
    },
    {
      "extensionName": "Apple App Store",
      "link": "<a href='https://marketplace.visualstudio.com/items?itemName=ms-vsclient.app-store' target='_blank'><b>Apple App Store</b></a>",
      "publisherId": "ms-vsclient",
      "extensionId": "app-store",
      "publisherName": "Microsoft",
      "License": "<a href='https://marketplace.visualstudio.com/items?itemName=ms-vsclient.app-store' target='_blank'>License Terms</a>"
    },
    {
      "extensionName": "Google Play",
      "link": "<a href='https://marketplace.visualstudio.com/items?itemName=ms-vsclient.google-play' target='_blank'><b>Google Play</b></a>",
      "publisherId": "ms-vsclient",
      "extensionId": "google-play",
      "publisherName": "Microsoft",
      "License": "<a href='https://marketplace.visualstudio.com/items?itemName=ms-vsclient.google-play' target='_blank'>License Terms</a>"
    },
    {
      "extensionName": "Build Quality Checks",
      "link": "<a href='https://marketplace.visualstudio.com/items?itemName=mspremier.BuildQualityChecks' target='_blank'><b>Build Quality Checks</b></a>",
      "publisherId": "mspremier",
      "extensionId": "BuildQualityChecks",
      "publisherName": "Microsoft",
      "License": "<a href='https://marketplace.visualstudio.com/items?itemName=mspremier.BuildQualityChecks' target='_blank'>License Terms</a>"
    },
    {
      "extensionName": "SonarQube",
      "link": "<a href='https://marketplace.visualstudio.com/items?itemName=SonarSource.sonarqube' target='_blank'><b>SonarQube</b></a>",
      "publisherId": "SonarSource",
      "extensionId": "sonarqube",
      "publisherName": "SonarSource",
      "License": "<a href='https://marketplace.visualstudio.com/items?itemName=SonarSource.sonarqube' target='_blank'>License Terms</a>"
    },
    {
      "extensionName": "Generate Release Notes (Crossplatform)",
      "link": "<a href='https://marketplace.visualstudio.com/items?itemName=richardfennellBM.BM-VSTS-XplatGenerateReleaseNotes' target='_blank'><b>Generate Release Notes (Crossplatform)</b></a>",
      "publisherId": "richardfennellBM",
      "extensionId": "BM-VSTS-XplatGenerateReleaseNotes",
      "publisherName": "Richard Fennell (Black Marble)",
      "License": "<a href='https://marketplace.visualstudio.com/items?itemName=richardfennellBM.BM-VSTS-XplatGenerateReleaseNotes' target='_blank'>License Terms</a>"
    },
    {
      "extensionName": "Generate Release Notes",
      "link": "<a href='https://marketplace.visualstudio.com/items?itemName=SpeedTechSolutions.GenerateReleaseNotes' target='_blank'><b>Generate Release Notes</b></a>",
      "publisherId": "SpeedTechSolutions",
      "extensionId": "GenerateReleaseNotes",
      "publisherName": "Teja Vejendla",
      "License": "<a href='https://marketplace.visualstudio.com/items?itemName=SpeedTechSolutions.GenerateReleaseNotes' target='_blank'>License Terms</a>"
    },
    {
      "extensionName": "Release the Notes",
      "link": "<a href='https://marketplace.visualstudio.com/items?itemName=ViFrankenstein.build-release-the-notes-task' target='_blank'><b>Release the Notes</b></a>",
      "publisherId": "ViFrankenstein",
      "extensionId": "build-release-the-notes-task",
      "publisherName": "codechavez",
      "License": "<a href='https://marketplace.visualstudio.com/items?itemName=ViFrankenstein.build-release-the-notes-task' target='_blank'>License Terms</a>"
    },
    {
      "extensionName": "Dependabot",
      "link": "<a href='https://marketplace.visualstudio.com/items?itemName=tingle-software.dependabot' target='_blank'><b>Dependabot</b></a>",
      "publisherId": "tingle-software",
      "extensionId": "dependabot",
      "publisherName": "Tingle Software",
      "License": "<a href='https://marketplace.visualstudio.com/items?itemName=tingle-software.dependabot' target='_blank'>License Terms</a>"
    },
    {
      "extensionName": "Mermaid Renderer",
      "link": "<a href='https://marketplace.visualstudio.com/items?itemName=xinyi-joffre.mermaid-renderer' target='_blank'><b>Mermaid Renderer</b></a>",
      "publisherId": "xinyi-joffre",
      "extensionId": "mermaid-renderer",
      "publisherName": "Xinyi Joffre",
      "License": "<a href='https://marketplace.visualstudio.com/items?itemName=xinyi-joffre.mermaid-renderer' target='_blank'>License Terms</a>"
    },
    {
      "extensionName": "Code Search",
      "link": "<a href='https://marketplace.visualstudio.com/items?itemName=ms.vss-code-search' target='_blank'><b>Code Search</b></a>",
      "publisherId": "ms",
      "extensionId": "vss-code-search",
      "publisherName": "Microsoft",
      "License": "<a href='https://marketplace.visualstudio.com/items?itemName=ms.vss-code-search' target='_blank'>License Terms</a>"
    },
    {
      "extensionName": "Delivery Plans",
      "link": "<a href='https://marketplace.visualstudio.com/items?itemName=ms.vss-plans' target='_blank'><b>Delivery Plans</b></a>",
      "publisherId": "ms",
      "extensionId": "vss-plans",
      "publisherName": "Microsoft",
      "License": "<a href='https://marketplace.visualstudio.com/items?itemName=ms.vss-plans' target='_blank'>License Terms</a>"
    }
  ]
}